[
    {
        "id": 1,
        "nom": "Cafétéria Lettres",
        "adresse": "29 avenue Robert Schumann, 13621 Aix-en-Provence",
        "ville": "Aix-en-Provence",
        "code_postal": "13621",
        "horaires": "Du lundi au vendredi, de 11h30 à 13h30",
        "paiement": "Carte IZLY, téléphone, CB",
        "lat": 43.5297,
        "lng": 5.4474,
        "tables": [
            {
                "num": 1,
                "capacite": 2
            },
            {
                "num": 2,
                "capacite": 3
            },
            {
                "num": 3,
                "capacite": 4
            },
            {
                "num": 4,
                "capacite": 5
            },
            {
                "num": 5,
                "capacite": 3
            },
            {
                "num": 6,
                "capacite": 2
            },
            {
                "num": 7,
                "capacite": 4
            },
            {
                "num": 8,
                "capacite": 3
            },
            {
                "num": 9,
                "capacite": 3
            },
            {
                "num": 10,
                "capacite": 6
            },
            {
                "num": 11,
                "capacite": 2
            },
            {
                "num": 12,
                "capacite": 3
            },
            {
                "num": 13,
                "capacite": 2
            },
            {
                "num": 14,
                "capacite": 5
            },
            {
                "num": 15,
                "capacite": 3
            },
            {
                "num": 16,
                "capacite": 2
            },
            {
                "num": 17,
                "capacite": 6
            },
            {
                "num": 18,
                "capacite": 2
            },
            {
                "num": 19,
                "capacite": 6
            },
            {
                "num": 20,
                "capacite": 6
            },
            {
                "num": 21,
                "capacite": 3
            },
            {
                "num": 22,
                "capacite": 3
            },
            {
                "num": 23,
                "capacite": 2
            },
            {
                "num": 24,
                "capacite": 4
            },
            {
                "num": 25,
                "capacite": 4
            },
            {
                "num": 26,
                "capacite": 4
            },
            {
                "num": 27,
                "capacite": 5
            },
            {
                "num": 28,
                "capacite": 3
            },
            {
                "num": 29,
                "capacite": 3
            },
            {
                "num": 30,
                "capacite": 6
            },
            {
                "num": 31,
                "capacite": 5
            },
            {
                "num": 32,
                "capacite": 4
            },
            {
                "num": 33,
                "capacite": 4
            },
            {
                "num": 34,
                "capacite": 6
            },
            {
                "num": 35,
                "capacite": 4
            },
            {
                "num": 36,
                "capacite": 5
            },
            {
                "num": 37,
                "capacite": 4
            },
            {
                "num": 38,
                "capacite": 2
            },
            {
                "num": 39,
                "capacite": 5
            },
            {
                "num": 40,
                "capacite": 2
            },
            {
                "num": 41,
                "capacite": 5
            },
            {
                "num": 42,
                "capacite": 3
            },
            {
                "num": 43,
                "capacite": 6
            },
            {
                "num": 44,
                "capacite": 3
            },
            {
                "num": 45,
                "capacite": 4
            },
            {
                "num": 46,
                "capacite": 5
            },
            {
                "num": 47,
                "capacite": 2
            },
            {
                "num": 48,
                "capacite": 3
            },
            {
                "num": 49,
                "capacite": 3
            },
            {
                "num": 50,
                "capacite": 2
            },
            {
                "num": 51,
                "capacite": 2
            },
            {
                "num": 52,
                "capacite": 5
            },
            {
                "num": 53,
                "capacite": 6
            },
            {
                "num": 54,
                "capacite": 3
            },
            {
                "num": 55,
                "capacite": 6
            },
            {
                "num": 56,
                "capacite": 2
            },
            {
                "num": 57,
                "capacite": 6
            },
            {
                "num": 58,
                "capacite": 6
            }
        ]
    },
    {
        "id": 2,
        "nom": "Restaurant Universitaire Droit",
        "adresse": "3 avenue Schuman, 13090 Aix-en-Provence",
        "ville": "Aix-en-Provence",
        "code_postal": "13090",
        "horaires": "Du lundi au vendredi, de 11h30 à 13h30",
        "paiement": "Carte IZLY, téléphone, CB",
        "lat": 43.5265,
        "lng": 5.4454,
        "tables": [
            {
                "num": 1,
                "capacite": 6
            },
            {
                "num": 2,
                "capacite": 6
            },
            {
                "num": 3,
                "capacite": 6
            },
            {
                "num": 4,
                "capacite": 6
            },
            {
                "num": 5,
                "capacite": 2
            },
            {
                "num": 6,
                "capacite": 3
            },
            {
                "num": 7,
                "capacite": 6
            },
            {
                "num": 8,
                "capacite": 4
            },
            {
                "num": 9,
                "capacite": 3
            },
            {
                "num": 10,
                "capacite": 4
            },
            {
                "num": 11,
                "capacite": 5
            },
            {
                "num": 12,
                "capacite": 6
            },
            {
                "num": 13,
                "capacite": 5
            },
            {
                "num": 14,
                "capacite": 5
            },
            {
                "num": 15,
                "capacite": 6
            },
            {
                "num": 16,
                "capacite": 6
            },
            {
                "num": 17,
                "capacite": 3
            },
            {
                "num": 18,
                "capacite": 3
            },
            {
                "num": 19,
                "capacite": 4
            },
            {
                "num": 20,
                "capacite": 5
            },
            {
                "num": 21,
                "capacite": 2
            },
            {
                "num": 22,
                "capacite": 3
            },
            {
                "num": 23,
                "capacite": 4
            },
            {
                "num": 24,
                "capacite": 2
            },
            {
                "num": 25,
                "capacite": 6
            },
            {
                "num": 26,
                "capacite": 4
            },
            {
                "num": 27,
                "capacite": 3
            },
            {
                "num": 28,
                "capacite": 6
            },
            {
                "num": 29,
                "capacite": 3
            },
            {
                "num": 30,
                "capacite": 5
            },
            {
                "num": 31,
                "capacite": 6
            },
            {
                "num": 32,
                "capacite": 2
            },
            {
                "num": 33,
                "capacite": 5
            },
            {
                "num": 34,
                "capacite": 3
            },
            {
                "num": 35,
                "capacite": 5
            },
            {
                "num": 36,
                "capacite": 3
            },
            {
                "num": 37,
                "capacite": 6
            },
            {
                "num": 38,
                "capacite": 3
            },
            {
                "num": 39,
                "capacite": 2
            },
            {
                "num": 40,
                "capacite": 6
            },
            {
                "num": 41,
                "capacite": 6
            },
            {
                "num": 42,
                "capacite": 3
            },
            {
                "num": 43,
                "capacite": 6
            },
            {
                "num": 44,
                "capacite": 5
            },
            {
                "num": 45,
                "capacite": 4
            },
            {
                "num": 46,
                "capacite": 5
            },
            {
                "num": 47,
                "capacite": 3
            },
            {
                "num": 48,
                "capacite": 2
            },
            {
                "num": 49,
                "capacite": 4
            },
            {
                "num": 50,
                "capacite": 5
            },
            {
                "num": 51,
                "capacite": 2
            },
            {
                "num": 52,
                "capacite": 3
            },
            {
                "num": 53,
                "capacite": 5
            },
            {
                "num": 54,
                "capacite": 3
            },
            {
                "num": 55,
                "capacite": 4
            },
            {
                "num": 56,
                "capacite": 5
            },
            {
                "num": 57,
                "capacite": 4
            },
            {
                "num": 58,
                "capacite": 6
            },
            {
                "num": 59,
                "capacite": 2
            },
            {
                "num": 60,
                "capacite": 6
            },
            {
                "num": 61,
                "capacite": 6
            },
            {
                "num": 62,
                "capacite": 5
            },
            {
                "num": 63,
                "capacite": 6
            },
            {
                "num": 64,
                "capacite": 5
            },
            {
                "num": 65,
                "capacite": 6
            },
            {
                "num": 66,
                "capacite": 6
            },
            {
                "num": 67,
                "capacite": 3
            },
            {
                "num": 68,
                "capacite": 2
            },
            {
                "num": 69,
                "capacite": 3
            },
            {
                "num": 70,
                "capacite": 3
            },
            {
                "num": 71,
                "capacite": 3
            },
            {
                "num": 72,
                "capacite": 4
            }
        ]
    },
    
    {
        "id": 3,
        "nom": "Restaurant Universitaire Les Fenouillères",
        "adresse": "Avenue Gaston Berger, 13621 Aix-en-Provence",
        "ville": "Aix-en-Provence",
        "code_postal": "13621",
        "horaires": "Du lundi au vendredi, de 11h30 à 13h30",
        "paiement": "Carte IZLY, téléphone, CB",
        "lat": 43.5280,
        "lng": 5.4481,
        "tables": [
            {
                "num": 1,
                "capacite": 2
            },
            {
                "num": 2,
                "capacite": 4
            },
            {
                "num": 3,
                "capacite": 3
            },
            {
                "num": 4,
                "capacite": 3
            },
            {
                "num": 5,
                "capacite": 2
            },
            {
                "num": 6,
                "capacite": 6
            },
            {
                "num": 7,
                "capacite": 3
            },
            {
                "num": 8,
                "capacite": 3
            },
            {
                "num": 9,
                "capacite": 3
            },
            {
                "num": 10,
                "capacite": 4
            },
            {
                "num": 11,
                "capacite": 3
            },
            {
                "num": 12,
                "capacite": 6
            },
            {
                "num": 13,
                "capacite": 3
            },
            {
                "num": 14,
                "capacite": 3
            },
            {
                "num": 15,
                "capacite": 6
            },
            {
                "num": 16,
                "capacite": 6
            },
            {
                "num": 17,
                "capacite": 3
            },
            {
                "num": 18,
                "capacite": 2
            },
            {
                "num": 19,
                "capacite": 6
            },
            {
                "num": 20,
                "capacite": 5
            },
            {
                "num": 21,
                "capacite": 3
            },
            {
                "num": 22,
                "capacite": 3
            },
            {
                "num": 23,
                "capacite": 6
            },
            {
                "num": 24,
                "capacite": 2
            },
            {
                "num": 25,
                "capacite": 4
            },
            {
                "num": 26,
                "capacite": 4
            },
            {
                "num": 27,
                "capacite": 4
            },
            {
                "num": 28,
                "capacite": 2
            },
            {
                "num": 29,
                "capacite": 4
            },
            {
                "num": 30,
                "capacite": 6
            },
            {
                "num": 31,
                "capacite": 5
            },
            {
                "num": 32,
                "capacite": 4
            },
            {
                "num": 33,
                "capacite": 2
            },
            {
                "num": 34,
                "capacite": 6
            },
            {
                "num": 35,
                "capacite": 4
            },
            {
                "num": 36,
                "capacite": 3
            },
            {
                "num": 37,
                "capacite": 4
            },
            {
                "num": 38,
                "capacite": 5
            },
            {
                "num": 39,
                "capacite": 4
            },
            {
                "num": 40,
                "capacite": 4
            },
            {
                "num": 41,
                "capacite": 2
            },
            {
                "num": 42,
                "capacite": 4
            },
            {
                "num": 43,
                "capacite": 2
            },
            {
                "num": 44,
                "capacite": 3
            },
            {
                "num": 45,
                "capacite": 5
            },
            {
                "num": 46,
                "capacite": 4
            },
            {
                "num": 47,
                "capacite": 4
            },
            {
                "num": 48,
                "capacite": 3
            },
            {
                "num": 49,
                "capacite": 6
            },
            {
                "num": 50,
                "capacite": 4
            },
            {
                "num": 51,
                "capacite": 4
            },
            {
                "num": 52,
                "capacite": 2
            },
            {
                "num": 53,
                "capacite": 6
            },
            {
                "num": 54,
                "capacite": 3
            },
            {
                "num": 55,
                "capacite": 3
            },
            {
                "num": 56,
                "capacite": 5
            },
            {
                "num": 57,
                "capacite": 2
            },
            {
                "num": 58,
                "capacite": 2
            }
        ]
    },
    {
            "id": 4,
            "nom": "Restaurant Universitaire Les Gazelles",
            "adresse": "31 avenue Jules Ferry, 13100 Aix-en-Provence",
            "ville": "Aix-en-Provence",
            "code_postal": "13100",
            "horaires": "Du lundi au vendredi, de 11h30 à 13h30",
            "paiement": "Carte IZLY, Carte Bancaire",
            "lat": 43.5215,
            "lng": 5.4388,
            "tables": [
                {
                    "num": 1,
                    "capacite": 4
                },
                {
                    "num": 2,
                    "capacite": 4
                },
                {
                    "num": 3,
                    "capacite": 4
                },
                {
                    "num": 4,
                    "capacite": 4
                },
                {
                    "num": 5,
                    "capacite": 4
                },
                {
                    "num": 6,
                    "capacite": 4
                },
                {
                    "num": 7,
                    "capacite": 4
                },
                {
                    "num": 8,
                    "capacite": 4
                },
                {
                    "num": 9,
                    "capacite": 4
                },
                {
                    "num": 10,
                    "capacite": 4
                },
                {
                    "num": 11,
                    "capacite": 4
                },
                {
                    "num": 12,
                    "capacite": 4
                },
                {
                    "num": 13,
                    "capacite": 4
                },
                {
                    "num": 14,
                    "capacite": 4
                },
                {
                    "num": 15,
                    "capacite": 4
                },
                {
                    "num": 16,
                    "capacite": 4
                },
                {
                    "num": 17,
                    "capacite": 4
                },
                {
                    "num": 18,
                    "capacite": 4
                },
                {
                    "num": 19,
                    "capacite": 4
                },
                {
                    "num": 20,
                    "capacite": 4
                }
            ]
    },
    {
            "id": 5,
            "nom": "Restaurant Universitaire Galinat",
            "adresse": "31 Rue Capitaine Galinat, 13005 Marseille",
            "ville": "Marseille",
            "code_postal": "13005",
            "horaires": "Du lundi au vendredi, de 11h30 à 13h30 et de 19h00 à 20h30",
            "paiement": "Carte IZLY, Carte Bancaire",
            "lat": 43.2965,
            "lng": 5.4038,
            "tables": [
                {
                    "num": 1,
                    "capacite": 6
                },
                {
                    "num": 2,
                    "capacite": 6
                },
                {
                    "num": 3,
                    "capacite": 6
                },
                {
                    "num": 4,
                    "capacite": 6
                },
                {
                    "num": 5,
                    "capacite": 6
                },
                {
                    "num": 6,
                    "capacite": 6
                },
                {
                    "num": 7,
                    "capacite": 6
                },
                {
                    "num": 8,
                    "capacite": 6
                },
                {
                    "num": 9,
                    "capacite": 6
                },
                {
                    "num": 10,
                    "capacite": 6
                },
                {
                    "num": 11,
                    "capacite": 6
                },
                {
                    "num": 12,
                    "capacite": 6
                },
                {
                    "num": 13,
                    "capacite": 6
                },
                {
                    "num": 14,
                    "capacite": 6
                },
                {
                    "num": 15,
                    "capacite": 6
                },
                {
                    "num": 16,
                    "capacite": 6
                },
                {
                    "num": 17,
                    "capacite": 6
                },
                {
                    "num": 18,
                    "capacite": 6
                },
                {
                    "num": 19,
                    "capacite": 6
                },
                {
                    "num": 20,
                    "capacite": 6
                },
                {
                    "num": 21,
                    "capacite": 6
                },
                {
                    "num": 22,
                    "capacite": 6
                },
                {
                    "num": 23,
                    "capacite": 6
                },
                {
                    "num": 24,
                    "capacite": 6
                },
                {
                    "num": 25,
                    "capacite": 6
                },
                {
                    "num": 26,
                    "capacite": 6
                },
                {
                    "num": 27,
                    "capacite": 6
                },
                {
                    "num": 28,
                    "capacite": 6
                },
                {
                    "num": 29,
                    "capacite": 6
                },
                {
                    "num": 30,
                    "capacite": 6
                },
                {
                    "num": 31,
                    "capacite": 6
                },
                {
                    "num": 32,
                    "capacite": 6
                },
                {
                    "num": 33,
                    "capacite": 6
                },
                {
                    "num": 34,
                    "capacite": 6
                },
                {
                    "num": 35,
                    "capacite": 6
                },
                {
                    "num": 36,
                    "capacite": 6
                },
                {
                    "num": 37,
                    "capacite": 6
                },
                {
                    "num": 38,
                    "capacite": 6
                },
                {
                    "num": 39,
                    "capacite": 6
                },
                {
                    "num": 40,
                    "capacite": 6
                },
                {
                    "num": 41,
                    "capacite": 6
                },
                {
                    "num": 42,
                    "capacite": 6
                },
                {
                    "num": 43,
                    "capacite": 6
                },
                {
                    "num": 44,
                    "capacite": 6
                },
                {
                    "num": 45,
                    "capacite": 6
                },
                {
                    "num": 46,
                    "capacite": 6
                },
                {
                    "num": 47,
                    "capacite": 2
                },
                {
                    "num": 48,
                    "capacite": 5
                },
                {
                    "num": 49,
                    "capacite": 3
                },
                {
                    "num": 50,
                    "capacite": 4
                },
                {
                    "num": 51,
                    "capacite": 6
                },
                {
                    "num": 52,
                    "capacite": 3
                },
                {
                    "num": 53,
                    "capacite": 3
                },
                {
                    "num": 54,
                    "capacite": 5
                },
                {
                    "num": 55,
                    "capacite": 3
                },
                {
                    "num": 56,
                    "capacite": 6
                },
                {
                    "num": 57,
                    "capacite": 6
                },
                {
                    "num": 58,
                    "capacite": 5
                }
            ]
        },
               
    
    {
                    "id": 6,
                    "nom": "Restaurant Universitaire Luminy",
                    "adresse": "171 avenue de Luminy, 13009 Marseille",
                    "ville": "Marseille",
                    "code_postal": "13009",
                    "horaires": "Du lundi au vendredi, de 11h30 à 13h30",
                    "paiement": "Carte IZLY, Carte Bancaire",
                    "lat": 43.2326,
                    "lng": 5.4335,
                    "tables": [
                        {"num": 1, "capacite": 4},
                        {"num": 2, "capacite": 4},
                        {"num": 3, "capacite": 4},
                        {"num": 4, "capacite": 4},
                        {"num": 5, "capacite": 4},
                        {"num": 6, "capacite": 4},
                        {"num": 7, "capacite": 4},
                        {"num": 8, "capacite": 4},
                        {"num": 9, "capacite": 4},
                        {"num": 10, "capacite": 4},
                        {"num": 11, "capacite": 4},
                        {"num": 12, "capacite": 4},
                        {"num": 13, "capacite": 4},
                        {"num": 14, "capacite": 4},
                        {"num": 15, "capacite": 4},
                        {"num": 16, "capacite": 4},
                        {"num": 17, "capacite": 4},
                        {"num": 18, "capacite": 4},
                        {"num": 19, "capacite": 4},
                        {"num": 20, "capacite": 4}
                    ]    
    }
] 
    
